CODE,TITLE,R1_POINTS_2019,R1_POINTS_2020,R1_POINTS_2021
AC120,International Business                            ,234,209,294
AC137,Liberal Arts                                      ,275,252,271
AD101,First Year Art &amp; Design (Common Entry)        ,,,#554
AD102,Graphic Design and Moving Image Design            ,#+Matric,#+matric,#538
AD103,Textile &amp; Surface Design and Jewellery &amp; O,cts,cts,#505
AD202,Education &amp; Design or Fine Art (Second Level T,h,h,#591
AD204,Fine Art                                          ,#+Matric,#+matric,#514
AD211,Fashion Design                                    ,#+Matric,#+matric,#760
AD212,Product Design                                    ,#+Matric,#+matric,#413
AD215,Visual Culture                                    ,300,377,337
AD217,Illustration                                      ,#+Matric,#+matric,#738
AD222,Interaction Design                                ,#+Matric,#+matric,#444
AL801,Software Design with Virtual Reality and Gaming   ,304,303,300
AL802,Software Design with Cloud Computing              ,301,332,313
AL803,Software Design with Mobile Apps and Connected Dev,309,337,350
AL805,Network Management and Cloud Infrastructure       ,329,333,321
AL810,Quantity Surveying                                ,307,319,328
AL811,Civil Engineering                                 ,,320,
AL820,Mechanical and Polymer Engineering                ,300,308,327
AL830,General Nursing                                   ,410,442,451*
AL832,Psychiatric Nursing                               ,387*,387*,440*
AL835,Pharmacology                                      ,,,356
AL836,Nutrition and Health Science                      ,352,334,346
AL837,Sports Science with Exercise Physiology           ,351,351,357
AL838,Biotechnology                                     ,303,307,324
AL839,Microbiology                                      ,322,325,325
AL840,Pharmaceutical Sciences                           ,328,347,346
AL841,Athletic and Rehabilitation Therapy               ,423,430,477
AL842,Bioveterinary Science                             ,310,313,338
AL843,Physical Activity and Health Science              ,310,306,306
AL849,Culinary Entrepreneurship                         ,,,297
AL850,Business                                          ,307,309,309
AL851,Business and Law                                  ,301,295,302
AL852,Accounting (with optional placement)              ,305,309,336
AL853,Accounting and Law                                ,305,,
AL854,Sport Management (with international placement)   ,,302,300
AL855,Hospitality Management (with International placeme,312,308,309
AL857,Digital Marketing                                 ,299,304,304
AL859,International Business                            ,,,308
AL860,Social Care Practice                              ,310,300,301
AL861,Animation and Illustration (portfolio)            ,#615,#578,#575
AL863,Graphic and Digital Design (portfolio)            ,#703,#781,#747
AL864,Early Years Care and Education                    ,306,307,306
AL870,Applied Psychology                                ,409,418,484*
AS001,Education Home Economics and Biology - with concur,468,510,542
AS002,Education Home Economics and Religious Ed - with c,401*,441*,464
AS003,Education Home Economics and Irish - with concurre,430,440*,463*
AS051,Nutrition Food and Business Management            ,339,328,378
AS054,Home Economics                                    ,390,408,440*
AS110,General Nursing                                   ,398,419*,440*
AS130,Intellectual Disability Nursing                   ,320,336*,387
BN101,Business                                          ,252,,
BN103,Business and Information Technology               ,254,,
BN104,Computing (Information Technology)                ,260,,
BN107,Applied Social Studies in Social Care             ,300,,
BN108,Engineering (Common Entry with Award options)     ,270,,
BN109,Business (Common Entry with Award options)        ,260,,
BN110,International Business                            ,253,,
BN111,Sports Management and Coaching                    ,270,,
BN112,Creative Digital Media                            ,280,,
BN113,Horticulture                                      ,290,,
BN114,Accounting and Finance                            ,280,,
BN115,Community and Youth Development                   ,250,,
BN117,Computer Engineering in Mobile Systems            ,273,,
BN118,Early Childhood Care and Education                ,290,,
BN119,Digital Marketing                                 ,270,,
BN120,Digital Forensics and Cyber Security              ,281,,
BN121,Mechatronic Engineering                           ,276,,
BN123,Design Technology and Innovation                  ,271,,
BY001,Business                                          ,,,210
CI101,Counselling and Psychotherapy (Limerick)          ,276,,
CI110,Counselling and Psychotherapy                     ,,310,292
CI111,Counselling and Addiction Studies                 ,,301,290
CI112,Counselling and Youth Studies                     ,,311,325
CK101,Arts - 3 years                                    ,300,300,300
CK102,Social Science                                    ,391,412,434
CK104,Arts with Music - 3 or 4 years (BMus or Chinese/Eu,#340,#302,#339
CK105,Film and Screen Media - 3 years or 4 years (Intern,398,368,421
CK107,Geographical and Archaeological Sciences - 3 or 4 ,326,328,312
CK108,Arts International - 4 years                      ,429,401,440*
CK109,English - 3 years or 4 years (International Pathwa,349,318,367
CK110,World Languages                                   ,456,452,488
CK111,Early Years and Childhood Studies                 ,398,419,409
CK112,Theatre and Performative Practices - 3 or 4 years ,#324,#330,#371
CK113,Criminology - 3 years or 4 years (International Pa,408,423,464
CK114,Social Science (Youth and Community Work) - 3 year,,,#
CK115,Social Work - Mature Applicants only              ,#,,
CK116,Sports Studies and Physical Education             ,499,,
CK118,Digital Humanities and IT - 3 or 4 years (Work Exp,307,336,347
CK120,Applied Psychology                                ,523,533*,544
CK121,Psychology and Computing - 3 or 4 years (Work Expe,402,466,499
CK122,Government and Political Science                  ,355,337,399
CK123,Anthropology                                      ,,308,308
CK124,Education - Gaeilge                               ,,463,473
CK125,Sports Studies and Physical Education             ,,510*,564
CK201,Commerce                                          ,465*,477*,500
CK202,Accounting                                        ,467,509,553
CK203,Business Information Systems                      ,409,430,455
CK204,Finance                                           ,531,556,566*
CK205,Commerce (International) with French              ,423,445,465
CK206,Commerce (International) with German              ,408,420,466
CK207,Commerce (International) with Italian             ,408,388,423
CK208,Commerce (International) with Hispanic Studies    ,431,402,488
CK209,Commerce (International) with Irish               ,509,484,507
CK211,Commerce (International) with Chinese Studies     ,398,397,385
CK212,Economics (Transformational Learning) - 3 or 4 yea,400,444,445
CK213,Food Marketing and Entrepreneurship               ,,462,466
CK214,International Development                         ,,346,332
CK301,Law (Pathways) - 3 or 4 years                     ,476,507,533
CK302,Law and French                                    ,453,542,545
CK304,Law and Irish                                     ,462,540,588
CK307,Law and Business                                  ,522,556,589*
CK401,Computer Science                                  ,402,468,503
CK402,Biological and Chemical Sciences                  ,498,510*,555*
CK404,Biological Earth and Environmental Sciences       ,412,467,500
CK405,Genetics                                          ,478,487,543
CK406,Chemical Sciences                                 ,465,485,532
CK407,Mathematical Sciences                             ,554,566,566
CK408,Physics and Astrophysics                          ,511,554,566
CK409,Industrial Physics (offered jointly by UCC and CIT,413,432,465
CK411,Data Science and Analytics                        ,509,510,531
CK412,Agricultural Science                              ,473,496*,506
CK502,Food Marketing and Entrepreneurship               ,433,,
CK504,Nutritional Sciences                              ,492,518,555
CK505,Food Science                                      ,444,441,463
CK506,International Development and Food Policy         ,380,,
CK600,Engineering                                       ,476,487,510
CK606,Architecture (offered jointly by UCC and CIT)     ,465,484,543
CK701,Medicine (Undergraduate Entry - HPAT required)    ,#729,#731,#738
CK702,Dentistry                                         ,590,613*,625*
CK703,Pharmacy                                          ,577,590,613*
CK704,Occupational Therapy                              ,533,566,601*
CK705,Speech and Language Therapy                       ,511,520,568
CK706,Public Health Sciences                            ,420,454,500
CK707,Medical and Health Sciences                       ,521,542,578*
CK710,General Nursing                                   ,444*,454*,498*
CK712,Children`s and General Nursing (Integrated)       ,509*,533,565
CK720,Mental Health Nursing                             ,413,423,455
CK730,Intellectual Disability Nursing                   ,388,419,431
CK740,Midwifery                                         ,454,484,509*
CK791,Medicine - Graduate Entry (GAMSAT required)       ,,#57*,#60*
CM001,Education - Primary Teaching                      ,453,484*,508
CM002,Education - Primary Teaching - Gaeltacht Applicant,#421,,#462
CM003,Oideachas - Bunmhúinteoireacht Trí Mheán na Gaeilg,#491,#528,#513
CM004,Oideachas - Bunmhúinteoireacht Trí Mheán na Gaeilg,#492,#494,#480
CM010,Education Studies                                 ,317,319,382
CM020,Early Childhood Education                         ,336,327,317
CR105,Chemical and Biopharmaceutical Engineering        ,432,443,443
CR106,Software Development                              ,351,411,431
CR108,Mechanical Engineering                            ,425,434,434
CR109,Structural Engineering                            ,341,394,396
CR110,Automotive Business Management and Technology     ,318,311,336
CR112,Creative Digital Media                            ,335,361,390
CR116,Computer Systems                                  ,318,332,365
CR121,Music at CIT Cork School of Music                 ,#633,#868,#904
CR125,Popular Music: Electric Bass Guitar at CIT Cork Sc,#972,#1088,#1028
CR126,Popular Music: Drums at CIT Cork School of Music  ,#806,#801,
CR127,Popular Music: Electric Guitar at CIT Cork School ,#647,#838,
CR128,Popular Music: Keyboards at CIT Cork School of Mus,#839,#840,
CR129,Popular Music: Voice at CIT Cork School of Music  ,#899,#841,
CR130,Musical Theatre                                   ,#545,#548,#525
CR150,Business Information Systems                      ,326,335,350
CR210,Contemporary Applied Art (Ceramics Glass Textiles),#708,#790,#450
CR220,Fine Art at CIT Crawford College of Art and Design,#620,#671,#400
CR225,Photography with New Media                        ,#920,#250,#435
CR305,Physical Sciences (Common Entry)                  ,279,282,260
CR310,IT Management                                     ,282,297,347
CR320,Biomedical Science (Offered jointly by CIT and UCC,546,565,590*
CR325,Pharmaceutical Biotechnology                      ,388,398,466
CR333,Nutrition and Health Science                      ,360,402,425
CR335,Biological Sciences (Common Entry)                ,381,420,473
CR340,Analytical Chemistry with Quality Assurance       ,288,251,327
CR360,Instrument Engineering                            ,291,261,301
CR365,Environmental Science and Sustainable Technology  ,334,253,262
CR370,Agri-Biosciences                                  ,399,397,368
CR400,Accounting                                        ,316,316,315
CR420,Marketing                                         ,288,285,290
CR425,International Business with Language              ,300,298,279
CR430,Sport and Exercise Management                     ,,322,402
CR435,Coaching Science and Sports Pedagogy              ,,,410
CR440,Montessori Education                              ,,288,409
CR500,Engineering (Common Entry)                        ,381,411,475
CR510,Sustainable Energy Engineering                    ,319,320,320
CR520,Biomedical Engineering                            ,434,444,444
CR560,Architectural Technology                          ,288,308,375
CR565,Interior Architecture                             ,336,359,431
CR570,Quantity Surveying                                ,279,336,375
CR572,Construction Management                           ,253,269,300
CR580,Electrical Engineering                            ,344,318,342
CR590,Electronic Engineering                            ,342,303,329
CR600,Visual Communications                             ,#587,#562,#280
CR660,Tourism Management                                ,249,252,246
CR700,Theatre and Drama Studies at CIT Cork School of Mu,#768,#740,#609
CR930,Home Economics and Business                       ,,,518*
CT125,Information Technology                            ,235,220,242
CT325,Business                                          ,,338,253
CW018,Business (options Wexford)                        ,327,298,307
CW028,Early Childhood Education and Care (Wexford)      ,252,252,260
CW038,Art (portfolio Wexford)                           ,#700,#700,#700
CW058,Tourism and Event Management (Wexford)            ,252,298,292
CW068,Applied Social Studies - Professional Social Care ,251,245,250
CW078,Sustainable Farm Management and Agribusiness (Wexf,266,269,270
CW088,Visual Communications and Design (Wexford)        ,309,274,270
CW108,Science (options)                                 ,261,261,266
CW128,Brewing and Distilling                            ,271,263,307
CW138,Sport and Exercise Science                        ,,423,430
CW148,Strength and Conditioning                         ,,379,388
CW178,Sport Science (options)                           ,399,,
CW188,Sport Rehabilitation and Athletic Therapy         ,454,451,451
CW208,Computer Games Development                        ,281,279,272
CW238,Software Development                              ,300,297,295
CW248,Information Technology Management                 ,307,285,293
CW258,Cybercrime and IT Security                        ,300,293,292
CW268,Computing in Interactive Digital Art and Design   ,274,287,291
CW438,Construction (options)                            ,271,272,260
CW468,Architectural Technology                          ,252,262,291
CW478,Civil Engineering                                 ,383,433,465
CW548,Mechanical Engineering                            ,310,321,330
CW558,Electronic Systems                                ,279,280,280
CW568,Aerospace Engineering                             ,366,380,371
CW578,TV and Media Production                           ,327,325,318
CW708,Law - LLB                                         ,298,302,292
CW728,Product Design Innovation                         ,276,252,246
CW748,Early Childhood Education and Care                ,265,270,290
CW758,Applied Social Studies - Professional Social Care ,290,336,360
CW808,Media and Public Relations                        ,262,251,247
CW848,Digital Marketing with Analytics                  ,279,254,269
CW858,Sports Management and Coaching (options portfolio),#700,#700,#700
CW908,Business (options)                                ,260,280,272
CW938,Business with Law                                 ,270,283,270
CW948,Accounting                                        ,301,300,319
DB500,Computing                                         ,242,218,234
DB501,Computing (Cloud Computing)                       ,326,227,
DB502,Computing (Data Analytics and Big Data)           ,,341,267
DB503,Computing (Software Development)                  ,242,225,
DB504,Computing (Web and Mobile Technology)             ,265,,
DB510,Audio Production and Music Project Management     ,242,234,217
DB512,Business Studies                                  ,248,218,243
DB514,Business Studies (Law)                            ,269,252,239
DB515,Business Studies (Human Resource Management)      ,225,244,242
DB516,Financial Services                                ,336,,
DB517,Event Management                                  ,226,238,233
DB518,Marketing (Digital Media)                         ,270,,307
DB521,Accounting and Finance                            ,238,225,243
DB524,Business Information Systems                      ,,342,247
DB525,Marketing (Digital Media and Cloud Computing)     ,284,,288
DB526,Business Information Systems (Cloud Computing)    ,253,347,244
DB527,Applied Social Care                               ,235,234,254
DB531,Marketing                                         ,234,293,288
DB562,Psychology                                        ,244,243,244
DB566,Social Science                                    ,216,220,262
DB567,Film                                              ,228,218,245
DB568,Law                                               ,245,219,254
DB569,Business (Psychology)                             ,279,252,240
DC001,Education - Early Childhood Education             ,398,440,445
DC002,Education - Primary Teaching                      ,462*,488,518*
DC003,Education - Primary Teaching - Gaeltacht Applicant,#429,#445,#489
DC004,Education - Primary Teaching (Church of Ireland Ce,#357,#411,#451
DC005,Education - Primary Teaching - Irish Sign Language,#,,
DC009,Arts (Joint Honours) - Humanities                 ,347,376,356
DC010,Post Primary Teacher Education - Religious Educati,386,441,384
DC011,Post Primary Teacher Education - Religious Educati,352,412,409
DC012,Post Primary Teacher Education - Religious Educati,#367,#378,409
DC013,Post Primary Teacher Ed - Gaeilge with French/Germ,410,419,413
DC014,BA in Jazz and Contemporary Music Performance     ,#435,#419,#311
DC110,Business Studies International                    ,440,465,498
DC111,Business Studies                                  ,463,488,511
DC112,Global Business (France)                          ,495,517,542*
DC113,Global Business (Germany)                         ,440,462,484
DC114,Global Business (Spain)                           ,501,522,544
DC115,Accounting and Finance                            ,487,510,544
DC116,Global Business (USA)                             ,578,579,613*
DC117,Aviation Management / Aviation Management with Pil,463,476,484
DC118,Gnó agus Gaeilge / Business and Irish             ,357,359,368
DC119,Global Business (Canada)                          ,566,564,601
DC120,Enterprise Computing                              ,350,357,403
DC121,Computer Applications                             ,370,400,475
DC123,Data Science                                      ,467,465,501
DC126,Actuarial Mathematics                             ,520,560,577*
DC127,Common Entry into Actuarial and Financial Mathemat,509,532,541
DC131,Communication Studies                             ,400,407,421
DC132,Journalism                                        ,401,429,452
DC133,Multimedia                                        ,403,411,435
DC155,Applied Language and Translation Studies          ,371,387,427
DC161,Analytical Science                                ,446,498*,498
DC162,Chemical and Pharmaceutical Sciences              ,488,521,531*
DC163,Chemical Sciences General Entry (Undenominated Ent,,,466*
DC166,Environmental Science and Technology              ,412,433,423*
DC167,Physics with Astronomy                            ,434,,
DC168,Genetics and Cell Biology                         ,489,512*,543*
DC171,Applied Physics                                   ,402*,,
DC173,Physics with Biomedical Sciences                  ,402*,,
DC175,Physics General Entry (options)                   ,,419,400
DC180,Biological Sciences General Entry (Undenominated E,,,530
DC181,Biotechnology                                     ,476,499,530
DC190,Electronic and Computer Engineering (with choice o,391,413,488
DC193,Mechatronic Engineering                           ,403,411,490
DC194,Sustainable Systems and Energy                    ,,,476
DC195,Mechanical and Manufacturing Engineering          ,401,425,500
DC197,Biomedical Engineering                            ,402,423,510
DC200,Common Entry into Engineering (Undenominated Entry,381,422,511
DC201,Common Entry into Science (Undenominated Entry)   ,454,498*,
DC202,Sport Science and Health                          ,467,500,511
DC203,Science Education                                 ,424,435,462
DC204,Athletic Therapy and Training                     ,484,522,558
DC205,Physical Education with Biology                   ,490,531,565
DC206,Physical Education with Mathematics               ,443,499,521
DC207,Psychology and Mathematics                        ,,,521
DC208,Psychology                                        ,509,532,565
DC209,Health and Society                                ,419,465,477
DC210,Psychology and Disruptive Technologies            ,,,506
DC215,General Nursing                                   ,414,454,456*
DC216,Mental Health Nursing                             ,368,418,420
DC217,Intellectual Disability Nursing                   ,347,370,382
DC218,Children`s and General Nursing (Integrated)       ,473*,500,521*
DC230,Economics Politics and Law                        ,400,435,431
DC231,International Relations                           ,387,397,398
DC232,Law and Society (BCL)                             ,453,466,469
DC235,Education and Training - Daytime Delivery Mode (fu,307,309,302
DC238,Social Sciences and Cultural Innovation           ,358,377,387
DC239,Gaeilge  Iriseoireacht agus na Meáin Dhigiteacha  ,,430,
DC240,Marketing Innovation and Technology               ,451,476,499
DC241,Digital Business and Innovation                   ,,,509
DC291,Arts (Joint Honours) - Media Studies              ,349,376,350
DC292,Arts (Joint Honours) - Law                        ,356,403,400
DC293,Arts (Joint Honours) - International Languages    ,369,377,379
DC294,Climate and Environmental Sustainability          ,,,475
DC295,Arts (Joint Honours) - Politics                   ,348,376,349
DK810,Accounting and Finance                            ,306,305,307
DK816,Business Studies                                  ,300,300,301
DK820,Computing in Games Development                    ,325,311,309
DK821,Computing in Software Development                 ,305,302,320
DK822,Augmented and Virtual Reality                     ,,307,320
DK830,Building Surveying                                ,302,336,305
DK831,Architectural Technology                          ,301,389,368
DK832,Construction Management                           ,300,387,358
DK843,Engineering (Common Entry)                        ,345,340,404
DK844,Mechanical Engineering                            ,,305,336
DK845,Electrical &amp; Electronic Engineering           ,,,331
DK846,Civil Engineering                                 ,,391,371
DK850,International Tourism Management                  ,,317,303
DK860,Music                                             ,#499,#532,
DK861,Arts                                              ,307,302,302
DK862,Social Care                                       ,300,301,322
DK863,Creative Media                                    ,300,308,336
DK864,Film and Television Production                    ,300,300,308
DK865,Audio and Music Production                        ,301,301,352
DK870,General Nursing                                   ,392,403,440*
DK872,Intellectual Disability Nursing                   ,300,336,367
DK874,Mental Health Nursing                             ,357,356,398
DK876,Early Childhood Studies                           ,305,321,300
DK877,Midwifery                                         ,398*,440,482
DK880,Health and Physical Activity                      ,300,328,301
DK882,Agriculture (Award options)                       ,303,310,342
DK883,Science (Award options)                           ,300,358,373
DK884,Sustainable Agriculture                           ,,,348
DK885,Agri-Food Production                              ,,,
DK886,Biopharmaceutical Science                         ,,301,379
DK887,Environmental Science                             ,,330,377
DL821,English Media and Cultural Studies                ,211,212,
DL822,Arts Management                                   ,209,229,254
DL823,Business Studies - Entrepreneurship and Management,261,235,220
DL825,Applied Psychology                                ,370,379,418
DL826,Visual Communication Design                       ,#736,#855,#591
DL827,Art                                               ,#583,#572,#574
DL828,3D Design Modelmaking and Digital Art             ,#691,#506,
DL829,Design for Stage and Screen (Costume Design)      ,#847,#593,
DL830,Design for Stage and Screen (Makeup Design)       ,#879,#939,
DL831,Design for Stage and Screen (Production Design)   ,#880,#781,
DL832,Animation                                         ,#855,#920,#989
DL833,Photography                                       ,#636,#650,#671
DL834,Film and Television Production                    ,#941,#990,
DL835,Creative Media Technologies                       ,220,,
DL836,Creative Computing                                ,217,219,235
DL837,New Media Studies                                 ,298,201,298
DL838,Creative Music Production                         ,#746,#754,#713
DL839,Interaction and User Experience Design            ,,#683,#757
DL840,Digital Marketing                                 ,,228,210
DL841,English and Equality Studies                      ,,276,277
DL843,Film                                              ,,,#987
DL844,Television                                        ,,,#566
DL845,Design for Film (degree options)                  ,,,#628
DN100,Architecture                                      ,486,510,555
DN120,Landscape Architecture                            ,370,407,463
DN130,City Planning and Environmental Policy            ,388,407,445
DN150,Engineering (Common Entry)                        ,511,531,565*
DN200,Science (options)                                 ,521,533,577
DN201,Computer Science (Common Entry)                   ,488,510,554
DN230,Actuarial and Financial Studies                   ,577*,601,613*
DN240,Sustainability                                    ,,440,510
DN250,Agricultural Science (options)                    ,425,456,454
DN252,Dairy Business                                    ,398,410,
DN253,Agri - Environmental Sciences                     ,403,418,
DN261,Food Science                                      ,451,477,531
DN262,Human Nutrition                                   ,495,531,566
DN271,Forestry                                          ,303,311,
DN272,Horticulture Landscape and Sportsturf Management  ,252,297,
DN300,Veterinary Medicine - Undergraduate Entry         ,#567,#589,#601*
DN301,Veterinary Medicine - Graduate Entry              ,#,,
DN310,Veterinary Nursing                                ,441,478,521
DN400,Medicine - Undergraduate Entry (HPAT required)    ,#736,#737,#743*
DN401,Medicine - Graduate Entry (GAMSAT required)       ,#59*,,#61*
DN410,Radiography                                       ,509,534,566*
DN411,Radiography - Graduate Entry                      ,#,#,#
DN420,Physiotherapy                                     ,548,578,601*
DN425,Health and Performance Science                    ,488,510,544
DN430,Sport and Exercise Management                     ,436,455,484
DN440,Biomedical Health and Life Sciences               ,566,590,613*
DN450,General Nursing                                   ,398,429*,462*
DN451,Children`s and General Nursing (Integrated)       ,488,509,533
DN452,Midwifery                                         ,445,489,510
DN453,Mental Health Nursing                             ,392,397,442
DN520,Arts (Two Subjects)                               ,336,310,381
DN530,Humanities (options)                              ,348,340,397
DN541,Modern Languages (options)                        ,368,303,320
DN600,Law (options)                                     ,522,546,576
DN610,Business and Law                                  ,521,545,573
DN650,Commerce                                          ,498*,521*,555
DN660,Commerce International (options)                  ,509,517,555
DN670,Economics and Finance                             ,601,613,625*
DN700,Social Sciences (options)                         ,390,421,475
DN710,Economics                                         ,476,498*,534
DN720,Psychology                                        ,517,530,566
DN750,Social Policy and Sociology                       ,330,378,421
DT001,Product Design                                    ,433,,
DT028,Transport Operations and Technology               ,279,,
DT035,Electrical Services and Energy Management         ,293,,
DT066,Engineering (General Entry)                       ,401,,
DT101,Architecture (test and interview)                 ,#618,,
DT106,Planning and Environmental Management             ,312,,
DT110,Property Economics (Valuation Surveying)          ,367,,
DT111,Quantity Surveying and Construction Economics     ,390,,
DT112,Geographic Science                                ,287,,
DT117,Construction Management                           ,356,,
DT175,Architectural Technology                          ,388,,
DT201,Science (General Entry)                           ,464,,
DT203,Analytical Chemistry (Environmental Forensic and P,341,,
DT204,Biomedical Science                                ,501,,
DT205,Mathematical Sciences                             ,315,,
DT206,Biomedical and Molecular Diagnostics              ,476,,
DT211,Computer Science (Infrastructure)                 ,381,,
DT220,Industrial Mathematics                            ,300,,
DT221,Physics with Energy and Environment               ,348,,
DT222,Physics Technology                                ,321,,
DT223,Human Nutrition and Dietetics                     ,553,,
DT224,Optometry                                         ,498,,
DT225,Public Health Nutrition                           ,440,,
DT227,Science with Nanotechnology                       ,312,,
DT228,Computer Science                                  ,451,,
DT229,Clinical Measurement Science                      ,491,,
DT235,Physics with Medical Physics and Bioengineering   ,357,,
DT282,Computer Science (International)                  ,377,,
DT299,Chemical Sciences with Medicinal Chemistry        ,420,,
DT302,Business Analytics                                ,325,,
DT304,E-Commerce in Retailing                           ,341,,
DT321,Business and Law                                  ,462,,
DT341,Marketing                                         ,400,,
DT343,Retail and Services Management                    ,301,,
DT354,Business Computing                                ,322,,
DT358,Logistics and Supply Chain Management             ,300,,
DT365,Business and Management                           ,440,,
DT366,Accounting and Finance                            ,432,,
DT398,Human Resource Management                         ,375,,
DT399,Economics and Finance                             ,437,,
DT401,International Hospitality Management              ,300,,
DT405,Culinary Science                                  ,308,,
DT407,Culinary Arts                                     ,271,,
DT412,Tourism Marketing                                 ,284,,
DT413,Event Management                                  ,356,,
DT416,Culinary Entrepreneurship                         ,275,,
DT420,Nutraceuticals in Health and Nutrition            ,392,,
DT421,Food Innovation                                   ,321,,
DT422,Pharmaceutical Healthcare                         ,397,,
DT491,Environmental Health                              ,343,,
DT501,Music                                             ,#383,,
DT504,Film and Broadcasting                             ,443,,
DT506,Commercial Modern Music                           ,#583,,
DT508,Game Design                                       ,403,,
DT517,Languages and English Studies                     ,419,,
DT518,Languages and International Tourism               ,307,,
DT529,Drama (Performance)                               ,#371,,
DT532,Law (LL.B.)                                       ,429,,
DT533,Contemporary Visual Culture                       ,261,,
DT544,Interior Design                                   ,#552,,
DT545,Design - Visual Communication                     ,#667,,
DT546,Fine Art                                          ,#668,,
DT555,International Business and Languages              ,353,,
DT559,Photography                                       ,#700,,
DT571,Social Care                                       ,394,,
DT572,Early Childhood Education                         ,385,,
DT582,Journalism                                        ,346,,
DT596,Print Media Technology and Management             ,252,,
DT597,Creative and Cultural Industries                  ,280,,
GA181,Accounting                                        ,303,309,303
GA182,Business                                          ,290,287,285
GA183,Business Information Systems                      ,309,296,298
GA184,Marketing and Sales                               ,307,307,300
GA185,Finance and Economics                             ,307,293,318
GA186,Business with Entrepreneurship                    ,293,280,287
GA187,Rural Enterprise and Agri-Business (Mountbellew Ca,280,281,291
GA281,Film and Documentary                              ,287,304,310
GA282,Heritage Studies                                  ,238,220,252
GA283,Contemporary Art                                  ,260,#679,#790
GA284,Design                                            ,309,303,331
GA285,Education (Art  Design and Graphics)              ,,,406
GA380,International Hotel Management                    ,225,242,218
GA381,International Tourism Management                  ,261,278,252
GA382,Culinary and Gastronomic Science                  ,225,206,235
GA384,Event Management with Public Relations            ,209,212,230
GA385,Retail Management                                 ,219,,
GA480,Construction Management                           ,260,260,302
GA482,Quantity Surveying and Construction Economics     ,280,288,304
GA483,Architectural Technology                          ,251,265,281
GA484,Civil Engineering                                 ,270,290,377
GA580,Software and Electronic Engineering               ,301,300,300
GA680,Mechanical Engineering                            ,336,330,400
GA681,Energy Engineering                                ,281,293,312
GA682,Biomedical Engineering                            ,331,313,331
GA683,Agricultural Engineering                          ,301,309,304
GA684,Engineering (Common entry to Agri/Biomed/Energy/Me,346,340,413
GA685,Manufacturing Engineering Design                  ,,309,336
GA780,Applied Freshwater and Marine Biology             ,300,327,366
GA781,Applied Biology and Biopharmaceutical Science     ,317,337,381
GA782,Chemical and Pharmaceutical Science               ,307,336,356
GA783,Physics and Instrumentation                       ,373,363,301
GA784,Science (Undenominated)                           ,325,372,445
GA785,Medical Science                                   ,451,473,517
GA786,Forensic Science and Analysis                     ,300,317,408
GA787,Computing in Software Development                 ,275,270,310
GA788,Computing and Digital Media                       ,270,274,270
GA789,Agriculture and Environmental Management (Mountbel,297,287,340
GA790,Sport and Exercise Science                        ,350,356,376
GA791,Public Health Nutrition                           ,364,368,368
GA880,General Nursing - Mayo Campus                     ,391,429*,440*
GA882,Psychiatric Nursing - Mayo Campus                 ,346,367,369
GA885,Outdoor Education - Mayo Campus                   ,210,252,269
GA887,History and Geography - Mayo Campus               ,228,244,201
GA889,Applied Social Care - Mayo Campus                 ,260,266,265
GA890,Early Childhood Care and Education - Mayo Campus  ,276,270,281
GA891,Geography and Outdoor Education                   ,,244,261
GA892,Community Development and Youth Work (Level 8)    ,,,
GA980,Education (Design Graphics and Construction) - Let,376,377,410
GA981,Furniture Design and Manufacture - Letterfrack Cam,271,,346
GA982,Furniture and Wood Technology - Letterfrack Campus,270,,360
GA983,Furniture and Digital Manufacturing               ,,,
GA984,Furniture Design  Making and Technology - Common E,,284,486
GC200,Business Studies (Cork)                           ,310,252,269
GC201,Accounting and Finance (Cork)                     ,251,303,260
GC230,Computing Science (Cork)                          ,327,335,300
GC250,Communications and Media Production               ,,,
GC300,Business Studies (Limerick)                       ,251,429,264
GC301,Accounting and Finance                            ,307,,
GC302,Business Studies - (HRM Limerick)                 ,,,377
GC305,International Hospitality Management (Limerick)   ,,253,
GC307,Business (Marketing)                              ,,,289
GC400,Business Studies (Dublin)                         ,271,248,250
GC401,Accounting and Finance (Dublin)                   ,246,240,242
GC402,Business Studies (HRM Dublin)                     ,282,264,
GC403,Law (Dublin)                                      ,251,244,245
GC405,International Hospitality Management (Dublin)     ,254,,
GC407,Business Studies (Marketing Dublin)               ,263,280,264
GC430,Computing Science (Dublin)                        ,254,252,251
GC450,Journalism and Visual Media (Dublin)              ,227,254,225
GC462,Design Communication (Dublin)                     ,,,#300
GC489,Interior Architecture (Dublin)                    ,#441,#254,#288
GC494,Fashion Design (Dublin)                           ,#AQA,#337,#351
GY101,Arts (Joint-Honours)                              ,300,300,327
GY104,Arts (Psychology)                                 ,509,523,564
GY105,Arts (History)                                    ,318,301,357
GY107,Na Dána (Gaeilge agus Léann an Aistriúcháin)      ,330,409,
GY109,Arts (Mathematics and Education)                  ,411,403,413
GY110,Arts with Children s Studies                      ,382,357,387
GY111,Arts with Creative Writing                        ,402,330,421
GY112,Arts with Film Studies                            ,338,321,
GY113,Arts with Human Rights                            ,338,368,413
GY115,Arts with Performing Arts Studies                 ,328,387,300
GY118,Arts (Drama Theatre and Performance Studies)      ,410,451,453
GY119,Journalism                                        ,410,400,484
GY120,Arts (Child Youth and Family: Policy and Practice),309,350,
GY121,Arts (Children s Studies)                         ,356,356,
GY122,Na Dána (Cumarsáid agus Gaeilge)                  ,308,361,410
GY123,BSc (Applied Social Sciences)                     ,356,358,419
GY124,Arts (Arts with Data Science)                     ,434,454,
GY125,Arts (Digital Arts and Technology)                ,324,328,403
GY126,Arts (English and Media Studies)                  ,418,391,
GY127,Arts (Film and Digital Media)                     ,387,401,430
GY128,Arts (Global Languages)                           ,370,352,346
GY129,Arts (International)                              ,408,420,465
GY130,Arts (Music)                                      ,400,408,462
GY131,Arts (History and Globalisation Studies)          ,340,360,
GY132,Government (Politics Economics and Law)           ,402,407,465
GY133,Education (Computer Science and Mathematical Studi,401,422,454
GY134,Geography and Geosystems                          ,,410,425
GY135,Arts (Global Media)                               ,,,442
GY136,Na Dána (Léann Teanga - options)                  ,,,526
GY201,Commerce                                          ,422,433,476
GY202,Commerce (International) with French              ,484,484,520
GY203,Commerce (International) with German              ,489,489,518
GY204,Commerce (International) with Spanish             ,484,495,506
GY206,Business Information Systems (Work Placement &amp;,t,t,509
GY207,Commerce (Accounting) including optional Global Ex,486,509,543
GY208,Commerce (Gaeilge)                                ,473,473,508
GY209,Commerce (Global Experience)                      ,509,530,551
GY250,Law &amp; Business                                ,,487,510
GY251,Law                                               ,473,499,542
GY252,Law &amp; Human Rights                            ,,520,565
GY253,Law and Taxation                                  ,,509,506
GY254,Law (BCL)  Criminology and Criminal Justice       ,,530,548
GY261,Business Studies (International Hotel Management S,#486,#497,#503
GY262,Commerce (International Hotel Management Shannon) ,#671,#681,#709
GY301,Science                                           ,400,433,489
GY303,Biomedical Science                                ,533,556,613
GY304,Biotechnology                                     ,473,465,498
GY308,Environmental Science                             ,413,408,431
GY309,Financial Mathematics and Economics               ,454,487,509
GY310,Marine Science                                    ,409,419,467
GY313,Environmental Health and Safety                   ,402,412,412
GY314,Earth and Ocean Sciences                          ,402,403,422
GY318,Biopharmaceutical Chemistry                       ,510,509,555
GY319,Mathematical Science                              ,455,476,543
GY320,Physics (Degree options: Applied Astrophysics Biom,401,402,465
GY321,Genetics and Genomics                             ,,508,532
GY322,Agricultural Sciences                             ,,,485
GY350,Computer Science and Information Technology       ,425,403,495
GY401,Engineering (Undenominated)                       ,444,465,522
GY402,Civil Engineering                                 ,509,455,533
GY405,Mechanical Engineering                            ,443,454,541
GY406,Electronic and Computer Engineering               ,509,510,555
GY408,Biomedical Engineering                            ,519,509,554
GY410,Project and Construction Management               ,434,403,431
GY413,Energy Systems Engineering                        ,532,502,509
GY414,Electrical and Electronic Engineering             ,454,405,433
GY501,Medicine (five year/six year course HPAT required),#726*,#728*,#737*
GY502,Occupational Therapy                              ,532,555,601
GY503,Speech and Language Therapy                       ,532,543,578
GY504,Podiatric Medicine                                ,434,443,531
GY515,General Nursing (Galway and Portiuncula)          ,442,476,502
GY516,Mental Health Nursing                             ,402,440,475
GY517,Midwifery                                         ,440,495,520
ID001,Accounting and Finance                            ,229,203,
ID002,Business Studies                                  ,285,294,
ID003,Business Studies with Chinese                     ,,,
LC110,Art and Design (Common Entry portfolio)           ,#734,#740,#794
LC114,Fashion and Textiles for Product and Costume (port,#900,#880,#914
LC115,Art and Design Teacher Education (portfolio)      ,,#942,#993
LC220,Digital Marketing                                 ,254,262,263
LC223,Law and Taxation                                  ,307,307,331
LC224,Accounting and Finance                            ,300,300,300
LC225,Marketing and Management                          ,298,298,298
LC226,Enterprise and Innovation                         ,243,234,255
LC233,Software Development                              ,300,272,280
LC234,Interactive Digital Media                         ,219,225,226
LC236,Internet Systems Development                      ,309,262,260
LC239,Computer Networks and Systems Management          ,335,307,317
LC241,Construction Management                           ,276,255,326
LC242,Property Valuation and Management                 ,292,282,308
LC243,Quantity Surveying                                ,288,294,278
LC248,Built Environment (Common Entry)                  ,307,288,300
LC252,Civil Engineering Management                      ,281,270,264
LC263,Clinical Technology                               ,282,294,391
LC265,Forensic and Pharmaceutical Sciences              ,335,413,498
LC266,Drug and Medicinal Product Analysis               ,236,262,252
LC275,Electrical Engineering                            ,288,298,361
LC288,Mechanical Engineering                            ,307,347,378
LC289,Precision Engineering                             ,304,291,261
LC292,Social Care Work                                  ,360,367,374
LC293,Business Studies with Travel and Tourism Managemen,299,307,271
LC294,Business Studies with Event Management            ,271,279,279
LC295,Business Studies with Sports Management           ,263,252,262
LC297,Community Development                             ,217,235,272
LC320,Business                                          ,338,346,381
LC330,Business with Computing                           ,298,297,328
LC340,Interior Design                                   ,308,350,391
LC362,Biotechnology and Biopharmaceutical Sciences      ,379,413,429
LC371,Creative Broadcast and Film Production            ,313,309,325
LC372,Music Technology and Production                   ,357,325,377
LC374,Renewable and Electrical Energy Engineering       ,351,318,337
LC375,Industrial Automation &amp; Robotic Systems       ,,317,309
LC376,Electronic Engineering                            ,308,318,357
LC380,Automotive Engineering and Transport Management   ,300,303,298
LC392,Beauty and Spa Management                         ,252,236,328
LC393,Early Childhood Education &amp; Care              ,,236,309
LC401,Early Childhood Education &amp; Care (Thurles)    ,,297,
LC402,Social Care Work (Thurles)                        ,209,225,228
LC408,Environmental and Geographical Sciences (Thurles) ,262,279,279
LC411,Marketing and Management (Thurles)                ,300,,
LC414,Data Analytics and Cyber Security                 ,,236,
LC416,Business                                          ,,274,260
LC418,Computing - Games Design and Development (Thurles),279,270,260
LC422,Sports Strength and Conditioning (Thurles)        ,308,298,289
LC434,Environmental Management in Agriculture (Thurles) ,278,297,
LC502,Game Art and Design (Clonmel portfolio)           ,#838,#852,#841
LC517,Creative Media and Design (Clonmel)               ,229,234,279
LC518,Digital Animation Production (Clonmel portfolio)  ,#816,#808,#807
LC612,Social Care Work (Ennis)                          ,319,320,309
LC613,Early Childhood Education &amp; Care (Ennis)      ,,242,
LM002,Arts (offered in conjunction with Mary Immaculate ,329,348,360*
LM019,Social Sciences                                   ,,,451
LM020,Law and Accounting                                ,436,465,474
LM026,Performing Arts (audition required)               ,#307,#303,#329
LM028,Criminal Justice                                  ,387,418,420
LM029,Law Plus                                          ,473,490,530
LM038,Psychology and Sociology                          ,478,500,530
LM039,Journalism and New Media                          ,388,402,432
LM040,European Studies                                  ,348,369,409
LM044,Applied Languages                                 ,404,442,429
LM050,Business Studies                                  ,419,431,451
LM056,International Business                            ,511,528,555*
LM058,Financial Mathematics                             ,434,403,468
LM063,Technology Management                             ,372,379,410
LM066,Environmental Science                             ,,,430
LM068,Food Science and Health                           ,400,421,464*
LM076,Product Design and Technology (portfolio required),#402,#408,#401
LM077,Aeronautical Engineering                          ,469,520,567
LM082,Construction Management and Engineering           ,368,398,446*
LM089,Sport and Exercise Sciences                       ,444,474,498*
LM090,Physical Education with concurrent Teacher Educati,498*,532*,552
LM091,Languages with concurrent Teacher Education       ,,517,506
LM092,Science with Teacher Ed (Biology with Physics/Chem,478,507,521
LM093,Equine Science                                    ,338,339,367
LM094,Materials and Architectural Technology with concur,409,440,475
LM095,Materials and Engineering Technology with concurre,358,367,425
LM096,Science with Teacher Ed (Physical Sciences with Ch,382,405,454
LM097,Mathematics and Computer Science with concurrent T,,402,465
LM099,Architecture (portfolio required)                 ,#418,498,520
LM100,Physiotherapy                                     ,565*,589*,613*
LM101,Medicine - Graduate Entry (GAMSAT required)       ,,#55*,#57*
LM102,Psychology                                        ,498*,509,534
LM103,Paramedic Studies (B and C1 Drivers Licence)      ,#313,#392,#429
LM105,Exercise and Health Fitness Management            ,,,441
LM115,Chemical and Biochemical Engineering              ,456,454,476
LM116,Engineering (Biomedical/Civil/Design and Manufactu,434,476*,498*
LM118,Electronic and Computer Engineering               ,401,403,445
LM121,Computer Science (Computer Systems/Games Dev/Mobil,352,351,402
LM122,Creative Media and Interaction Design (Digital Des,330,327,382
LM123,Biological &amp; Chemical Sciences (Biosci/Envir S,I,I,498*
LM124,Mathematics (Math Science/Maths and Physics/Econom,427,437,455
LM125,Physics (Applied Physics/Mathematics and Physics) ,405,),489
LM150,General Nursing                                   ,440*,475*,498*
LM152,Mental Health Nursing                             ,398,419*,478
LM154,Intellectual Disability Nursing                   ,381*,420,462
LM156,Midwifery                                         ,429,469,521*
LY108,Business - Accounting                             ,318,309,312
LY118,Business                                          ,287,290,288
LY128,Marketing with Online Technologies                ,,,261
LY208,Law                                               ,300,300,300
LY218,Business - with Spanish/Irish options             ,298,,
LY228,Sports and Exercise (Common Entry)                ,278,300,290
LY408,Design (Common Entry)                             ,#307,#320,#301
LY508,Fire Safety Engineering                           ,270,276,283
LY518,Quantity Surveying                                ,307,301,304
LY528,Construction Management                           ,270,271,262
LY538,Architectural Technology                          ,,,234
LY608,Mechanical Engineering                            ,304,300,300
LY618,Electronics and Embedded Systems                  ,307,312,321
LY708,Applied Computing                                 ,300,306,320
LY748,Computer Science                                  ,,317,316
LY818,Science (Common Entry)                            ,302,303,302
LY828,Agriculture (Common Entry)                        ,300,307,308
LY908,General Nursing                                   ,389*,400*,429*
LY918,Psychiatric Nursing                               ,329,357*,367*
LY928,Intellectual Disability Nursing                   ,298,326*,357
LY968,Early Childhood Care Health and Education         ,300,303,288
LY978,Health &amp; Social Care (Common Entry)           ,,,279
MH001,Education - Primary Teaching (Froebel)            ,499,507,564
MH002,Education - Primary Teaching - Gaeltacht Applicant,#,,
MH003,Early Childhood - Teaching and Learning (full-time,,,381
MH101,Arts                                              ,316,318,338
MH103,Music                                             ,#,#,#
MH106,Psychology - 3 years                              ,495,521,554
MH107,Social Science                                    ,326,346,390
MH109,Media Studies                                     ,317,316,324
MH116,Community and Youth Work (Full-Time)              ,#,#,#
MH201,Science                                           ,351*,360,401
MH202,Biotechnology                                     ,429,455,490
MH203,Biological and Geographical Sciences              ,,430,451
MH204,Physics with Astrophysics                         ,420,422,422
MH206,Theoretical Physics and Mathematics               ,498,510,521
MH207,Data Science                                      ,434,445,444
MH208,Biological and Biomedical Sciences                ,462*,498,543
MH209,Psychology (through Science) - 4 years            ,477,498,529
MH210,Pharmaceutical and Biomedical Chemistry           ,452,487,510
MH212,Science/Computer Science/Mathematics (with Educati,451,;,452
MH304,Engineering (Computer/Electronic/Communications)  ,371,333,351
MH305,Product Design                                    ,358,357,326
MH306,Robotics and Intelligent Devices                  ,361,361,362
MH401,Finance (options)                                 ,352,357,370
MH402,Quantitative Finance                              ,476,476,476
MH403,Accounting and Finance                            ,402,422,424
MH404,Business (options)                                ,400,430,441
MH405,Equine Business                                   ,357,357,
MH407,Business and Accounting                           ,401,420,423
MH411,Entrepreneurship                                  ,357,371,378
MH501,LLB Law - four year Single Major Law programme    ,451,473,507
MH502,Law (options)                                     ,410,451,465
MH601,Computer Science through Arts (options)           ,342,352,381
MH602,Computer Science through Science (options)        ,352,351,400
MH603,Computational Thinking                            ,520,532,520
MH801,Early Childhood - Teaching and Learning (part-time,347,327,AQA
MH802,Community and Youth Work (part-time in service    ,,#,
MH803,Local Studies or Community Studies (part-time even,,#,
MI001,Contemporary &amp; Applied Theatre Studies        ,,,209
MI002,Arts (offered in conjunction with the University o,300,300,280
MI004,Education - Primary Teaching - International      ,,577,589
MI005,Education - Primary Teaching                      ,473*,495,522
MI006,Education - Primary Teaching (Gaeltacht Applicants,#442,#456,#485
MI007,Early Childhood Care and Education                ,366,357,409
MI008,Education and Psychology - Primary Teaching       ,554,588,590
MI009,Education Business Studies and Accounting (Thurles,392,402,434
MI010,Education Business Studies and Religious Studies (,326,368,370
MI011,Education Irish and Religious Studies (Thurles Cam,377,409,407
MI012,Education Irish and Business Studies (Thurles Camp,398,401,387
MI013,Education Mathematics and Gaeilge (Thurles Campus),433,444,509
MI014,Education  Mathematics and Business Studies       ,,434,476
MU001,Theology and Arts                                 ,300,290,294
MU002,Theology                                          ,308,440,
NC003,Computing (Degree Award options)                  ,261,260,271
NC005,Human Resource Management                         ,297,300,301
NC009,Business                                          ,297,300,300
NC010,Psychology                                        ,360,400,420
NC020,Marketing Practice                                ,270,280,270
NC022,Accounting and Finance                            ,338,337,330
NC023,Technology Management (with specialisations)      ,260,261,266
NC025,Data Science                                      ,AQA,,
NC030,Early Childhood Education and Care                ,,,251
NM801,Montessori Education                              ,,220,262
NM802,Psychology                                        ,,,228
PC405,Social Political and Community Studies            ,276,253,263
PC410,Arts and Humanities (fulfils Teaching Council requ,278,252,262
PC411,English and History (fulfils Teaching Council requ,270,255,243
RC001,Medicine - Undergraduate Entry (HPAT required)    ,#729*,#733,#741
RC004,Physiotherapy                                     ,542,566,589*
RC005,Pharmacy                                          ,565,579,613*
RC101,Medicine - Graduate Entry (GAMSAT required)       ,#60*,,
SG141,Business                                          ,252,261,262
SG142,Business in International Marketing and Sales with,270,279,
SG144,Business in International Marketing and Sales with,280,270,
SG145,Business and ICT                                  ,,,279
SG146,Accounting                                        ,307,309,304
SG147,Sport with Business                               ,269,307,288
SG148,Tourism with Event Management                     ,246,269,298
SG149,Business in Finance and Investment                ,262,,
SG150,Business in Marketing                             ,,,298
SG241,Performing Arts                                   ,279,328,341
SG242,Early Childhood Care and Education                ,278,279,287
SG243,Social Care Practice                              ,297,301,309
SG244,Fine Art                                          ,#355,#505,#501
SG245,Creative Design                                   ,254,282,332
SG246,Computing                                         ,295,290,316
SG247,English and Psychology                            ,306,309,319
SG248,Sociology and Politics                            ,282,281,298
SG249,Writing and Literature                            ,279,297,308
SG250,Application Design and User Experience            ,290,412,
SG251,Computing (Smart Technologies)                    ,289,327,
SG252,Software Development                              ,300,307,310
SG253,Computer Networks and Cloud Infrastructure        ,273,324,336
SG254,Writing and Literature Online                     ,,225,327
SG255,Law and Business                                  ,,,291
SG341,General Engineering                               ,,,373
SG342,Civil Engineering                                 ,,415,418
SG343,Quantity Surveying                                ,261,311,300
SG344,Mechanical Engineering                            ,,,412
SG346,Construction Project Management and Applied Techno,286,291,313
SG347,Architecture                                      ,345,360,403
SG348,Interior Architecture and Design                  ,,316,359
SG349,Electronics and Self Driving Technologies         ,,,
SG350,Robotics and Automation                           ,,,384
SG441,Environmental Science                             ,297,,
SG442,Occupational Safety and Health                    ,289,290,307
SG443,Human Nutrition                                   ,357,356,376
SG444,Science (Undenominated)                           ,308,338,358
SG445,Pharmaceutical Science with Drug Development      ,339,311,357
SG446,Applied Archaeology                               ,289,,
SG447,Health Science and Physical Activity              ,316,328,326
SG448,Forensic Investigation and Analysis               ,306,306,308
SG449,Medical Biotechnology                             ,329,341,315
SG450,Environmental Science with Ecology (Level 8)      ,,300,310
TA022,Creative Digital Media                            ,271,,
TA023,Advertising and Marketing Communications          ,235,,
TA024,Early Childhood Care and Education                ,217,,
TA025,Social Care Practice                              ,261,,
TA026,International Hospitality and Tourism Management  ,208,,
TA027,Botanical Cuisine                                 ,236,,
TA028,Digital Marketing Technologies                    ,287,,
TA121,Accounting and Finance                            ,202,,
TA122,Management                                        ,218,,
TA123,Marketing Management                              ,207,,
TA125,International Business                            ,229,,
TA221,Electronic Engineering                            ,251,,
TA222,Mechanical Engineering                            ,260,,
TA223,Sustainable Energy Engineering                    ,236,,
TA224,Biomedical Design                                 ,243,,
TA225,Automation Engineering                            ,245,,
TA226,Engineering Software                              ,254,,
TA321,Pharmaceutical Science                            ,261,,
TA322,Computing                                         ,195,,
TA323,Computing with IT Management                      ,243,,
TA326,DNA and Forensic Analysis                         ,300,,
TA327,Sports Science and Health                         ,341,,
TA328,Computing with Language (French/German/Spanish)   ,262,,
TA329,Computing with Data Analytics                     ,218,,
TL801,Animation Visual Effects and Motion Design        ,281,281,#718
TL802,TV Radio and New Media                            ,306,325,322
TL803,Music Technology                                  ,264,,
TL810,Computing with Software Development               ,309,310,308
TL811,Computing with Games Development                  ,309,358,322
TL812,Computing with Digital Media                      ,369,,
TL815,Computing (Degree Award options)                  ,308,308,307
TL823,Event Management (3 year programme)               ,291,299,293
TL831,Business Studies (Major Specialism in: Acctng or M,307,306,306
TL842,Construction Management                           ,,,
TL844,Agricultural Engineering                          ,311,300,301
TL845,Civil Engineering                                 ,300,325,361
TL847,Manufacturing Engineering                         ,,302,305
TL848,Agricultural Science                              ,331,308,307
TL851,Wildlife Biology (Degree Award options)           ,308,309,309
TL855,Pharmaceutical Science (Degree Award options)     ,342,317,316
TL858,Veterinary Bioscience                             ,326,308,317
TL871,Health and Leisure (Degree Award options)         ,303,300,303
TL872,Health and Leisure with Massage                   ,288,309,314
TL873,Coaching and Sports Performance                   ,282,289,308
TL874,Inclusive Sport and Physical Activity             ,,,341
TL880,Early Childhood Care and Education                ,307,307,309
TL881,Social Care                                       ,308,308,301
TL889,Counselling with Addiction - Mature applicants onl,,#,
TL890,General Nursing and Mature Applicants             ,407*,440*,463
TL891,Mental Health Nursing and Mature Applicants       ,378,389,440
TR002,Music                                             ,#435,435,508
TR003,History                                           ,486,497,552
TR004,Law                                               ,533,566,590*
TR005,Philosophy                                        ,433,442,510
TR006,Psychology                                        ,565,567,601*
TR007,Clinical Speech and Language Studies              ,509,529,564*
TR009,Music Education                                   ,#430,#420,#496
TR012,History and Political Science                     ,543,555,
TR015,Philosophy Political Science Economics and Sociolo,566,589,613*
TR016,Deaf Studies                                      ,357,340,389
TR017,Law and Business                                  ,576,602,
TR018,Law and French                                    ,543,565,602*
TR019,Law and German                                    ,523,543,577
TR020,Law and Political Science                         ,567,602,
TR021,Classics Ancient History and Archaeology          ,409,370,467
TR022,Early and Modern Irish                            ,347,398,377
TR023,English Studies                                   ,497,487,546
TR024,European Studies                                  ,520,544,566
TR025,Drama and Theatre Studies                         ,#495,#564,#543
TR028,Ancient and Medieval History and Culture          ,399,342,498
TR029,Political Science and Geography                   ,497*,526,
TR031,Mathematics                                       ,566,531,579
TR032,Engineering                                       ,497,510,556
TR033,Computer Science                                  ,467,509,566*
TR034,Management Science and Information Systems Studies,589*,613*,625*
TR035,Theoretical Physics                               ,565,543,590
TR038,Engineering with Management                       ,522,532,589*
TR039,Computer Science and Language                     ,456,454,443
TR040,Middle Eastern and European Languages and Cultures,485,466,520
TR041,Religion                                          ,347,368,417
TR042,Film                                              ,,489,531
TR043,History of Art and Architecture                   ,,393,498
TR051,Medicine (HPAT required)                          ,#730,#735*,#743*
TR052,Dental Science                                    ,590*,613*,625*
TR053,Physiotherapy                                     ,542*,566*,590*
TR054,Occupational Therapy                              ,521,533,578*
TR055,Radiation Therapy                                 ,518,543,577
TR056,Human Health and Disease                          ,543,565,601*
TR060,Biological and Biomedical Sciences                ,520*,543*,578*
TR061,Chemical Sciences                                 ,499,517,558
TR062,Geography and Geoscience                          ,435*,473,495
TR063,Physical Sciences                                 ,510,498*,554
TR064,Environmental Science and Engineering             ,,,555
TR072,Pharmacy                                          ,567,590,613*
TR080,Global Business                                   ,566*,589*,613*
TR081,Business Economic and Social Studies (BESS)       ,520*,543*,577
TR082,Computer Science and Business                     ,510,555,
TR083,Sociology and Social Policy                       ,462,498,
TR084,Social Studies (Social Work)                      ,441,462*,497
TR085,Business Studies and French                       ,509,540,564
TR086,Business Studies and German                       ,474,509,530
TR087,Business Studies and Russian                      ,474,474,487
TR089,Business Studies and Polish                       ,393,444,391
TR090,Business Studies and Spanish                      ,518,531*,566
TR091,General Nursing (Meath and St James`s)            ,402,429,462
TR093,General Nursing (Adelaide School of Nursing)      ,#394,#430,#473
TR095,Mental Health Nursing                             ,361,408,442
TR097,Intellectual Disability Nursing                   ,347,396,412
TR911,Children`s and General Nursing (Integrated)       ,485,511,531*
TR913,Midwifery                                         ,444,478,521
TU801,Biomedical Design                                 ,,235,235
TU802,Electrical Services and Energy Management         ,,317,309
TU803,Electronic Engineering                            ,,243,
TU804,Engineering (Common Entry with Award options)     ,,271,270
TU805,Engineering (General Entry)                       ,,402,466
TU806,Sustainable Energy Engineering                    ,,262,
TU807,Computer Engineering in Mobile Systems            ,,276,274
TU808,Engineering Software                              ,,260,
TU809,Mechanical Engineering                            ,,235,
TU810,Mechatronic Engineering                           ,,270,271
TU811,Product Design                                    ,,411,440
TU812,Design Technology and Innovation                  ,,270,278
TU813,Automation Engineering                            ,,218,
TU814,Transport Operations and Technology               ,,285,253
TU828,Mechanical Engineering (General Entry)            ,,,300
TU829,Electronic Engineering (General Entry)            ,,,248
TU831,Architectural Technology                          ,,410,423
TU832,Architecture (Suitability Test and Interview)     ,,#622,#644
TU833,Construction Management                           ,,367,396
TU834,Geographic Science                                ,,288,315
TU835,Planning and Environmental Management             ,,313,330
TU836,Property Economics (Valuation Surveying)          ,,401,411
TU837,Quantity Surveying and Construction Economics     ,,385,413
TU838,Sustainable Timber Technology                     ,,,307
TU851,Analytical Chemistry (Environmental Forensic and P,,349,400
TU852,Chemical Sciences with Medicinal Chemistry        ,,476,477
TU854,Science (General Entry)                           ,,476,510
TU855,Science with Nanotechnology                       ,,331,322
TU856,Computer Science                                  ,,476,499
TU857,Computer Science (Infrastructure)                 ,,391,403
TU858,Computer Science (International)                  ,,377,395
TU859,Computing                                         ,,217,251
TU860,Computing (Information Technology)                ,,260,270
TU861,Computing with Language (French/German/Spanish)   ,,308,235
TU862,Computing with Data Analytics                     ,,226,262
TU863,Digital Forensics and Cyber Security              ,,280,282
TU864,DNA and Forensic Analysis                         ,,400,500
TU865,Computing with IT Management                      ,,226,235
TU866,Biomedical and Molecular Diagnostics              ,,487,522
TU867,Biomedical Science                                ,,524,576
TU868,Clinical Measurement Science                      ,,510,542
TU869,Environmental Health                              ,,336,387
TU870,Human Nutrition and Dietetics                     ,,578,601*
TU871,Optometry                                         ,,509,532
TU872,Public Health Nutrition                           ,,491,487
TU873,Industrial Mathematics                            ,,250,
TU874,Mathematical Sciences                             ,,341,294
TU875,Pharmaceutical Healthcare                         ,,400,451
TU876,Pharmaceutical Science                            ,,377,445
TU877,Physics Technology                                ,,308,314
TU878,Physics with Energy and Environment               ,,337,339
TU879,Physics with Medical Physics and Bioengineering   ,,351,346
TU880,Physics with Data Science                         ,,578,412
TU881,Food Innovation                                   ,,318,309
TU882,Nutraceuticals in Health and Nutrition            ,,397,380
TU901,Business                                          ,,270,
TU902,Business (Common Entry with Award options)        ,,271,270
TU903,Business and Management                           ,,463,477
TU904,Business and Law                                  ,,462,462
TU905,Economics and Finance                             ,,465,460
TU906,Human Resource Management                         ,,395,386
TU907,Logistics and Supply Chain Management             ,,300,300
TU908,Management                                        ,,262,
TU909,Accounting and Finance                            ,,285,
TU910,Accounting and Finance                            ,,444,420
TU911,Accounting and Finance                            ,,209,
TU912,Business Analytics                                ,,330,331
TU913,Business and Information Technology               ,,252,
TU914,Business Computing                                ,,324,322
TU915,International Business                            ,,252,
TU916,International Business                            ,,235,
TU917,Law (LLB ) with a Language                        ,,342,356
TU918,Law (LLB)                                         ,,451,463
TU919,Advertising and Marketing Communications          ,,228,219
TU920,Digital Marketing                                 ,,270,270
TU921,Digital Marketing Technologies                    ,,212,230
TU922,Marketing                                         ,,418,412
TU923,Marketing Management                              ,,228,
TU924,E-Commerce in Retailing                           ,,307,307
TU925,Retail and Services Management                    ,,301,307
TU932,Business (options)                                ,,,211
TU933,Accounting and Finance (campus options)           ,,,251
TU935,Sports Management and Coaching                    ,,300,300
TU936,Sports Science and Health                         ,,410,484
TU941,Botanical Cuisine                                 ,,249,311
TU942,Culinary Arts                                     ,,212,252
TU943,Culinary Entrepreneurship                         ,,278,261
TU944,Culinary Science                                  ,,316,336
TU951,International Hospitality and Tourism Management  ,,184,244
TU952,International Hospitality Management              ,,300,309
TU953,Tourism and Digital Marketing                     ,,290,308
TU954,Event Management                                  ,,356,326
TU955,Sports &amp; Leisure Management                   ,,,275
TU961,Commercial Modern Music                           ,,#608,#536
TU962,Drama (Performance)                               ,,#379,#448
TU963,Music                                             ,,#416,#364
TU965,International Business and Languages              ,,356,357
TU966,Languages and English Studies                     ,,366,
TU967,Languages and International Tourism               ,,308,298
TU971,Contemporary Visual Culture                       ,,290,
TU972,Creative and Cultural Industries                  ,,281,
TU973,Design - Visual Communication                     ,,#717,#700
TU974,Fine Art                                          ,,#709,#549
TU975,Interior Design                                   ,,#632,#544
TU976,Photography                                       ,,#695,#700
TU978,Creative Industries and Visual Culture            ,,,299
TU981,Creative Digital Media                            ,,280,280
TU982,Creative Digital Media                            ,,320,369
TU983,Film and Broadcasting                             ,,456,462
TU984,Game Design                                       ,,381,414
TU985,Journalism                                        ,,322,367
TU986,Print Media Technology and Management             ,,289,
TU989,Early Childhood Care and Education (campus options,,,270
TU991,Applied Social Studies in Social Care             ,,325,326
TU992,Community and Youth Development                   ,,251,251
TU993,Early Childhood Care and Education                ,,270,
TU994,Early Childhood Care and Education                ,,321,
TU995,Early Childhood Education                         ,,367,378
TU996,Social Care                                       ,,400,407
TU997,Applied Social Care                               ,,310,320
WD001,Applied Computing (options)                       ,279,260,270
WD002,Science (options)                                 ,302,308,279
WD005,Health Sciences (options)                         ,288,280,271
WD006,Exercise Sciences (options)                       ,282,280,270
WD007,Engineering (options)                             ,AQA,288,270
WD025,Construction Management and Engineering           ,269,269,262
WD027,Music                                             ,#AQA,#262,#321
WD048,Business (options)                                ,278,271,279
WD084,Accounting                                        ,307,308,308
WD091,Hospitality Management                            ,210,228,225
WD116,General Nursing                                   ,413,422,446
WD117,Psychiatric Nursing                               ,361,366,415
WD120,Intellectual Disability Nursing                   ,338,377,390
WD134,International Business                            ,289,290,267
WD137,Design (Visual Communications)                    ,AQA,271,252
WD140,Laws                                              ,290,280,280
WD144,Architecture                                      ,AQA,284,309
WD147,Pharmaceutical Science                            ,298,293,288
WD148,Tourism Marketing                                 ,269,,
WD149,Early Childhood Studies                           ,288,271,
WD150,Criminal Justice Studies                          ,271,270,280
WD152,Visual Art                                        ,AQA,AQA,243
WD161,Computer Forensics and Security                   ,AQA,255,270
WD162,Quantity Surveying                                ,260,216,226
WD163,Psychology                                        ,390,434,456
WD186,Sports Coaching and Performance                   ,276,270,261
WD187,Social Science                                    ,271,272,276
WD191,Agricultural Science                              ,378,377,377
WD192,Social Care Practice                              ,279,270,271
WD193,Marketing and Digital Media                       ,290,271,279
WD194,Culinary Arts                                     ,AQA,217,237
WD195,Architectural and Building Information Modelling T,266,279,279
WD200,Arts (options)                                    ,AQA,AQA,201
WD210,Software Systems Development                      ,271,279,260
WD211,Creative Computing                                ,275,271,270
WD212,Recreation and Sport Management                   ,274,270,262
WD230,Mechanical and Manufacturing Engineering          ,273,253,230
WD231,Early Childhood Care and Education                ,,,266
WD232,Business Information Systems                      ,,,261
